DateRep,CountryExp,CountryCode,Source,ConfCases
2022-04-25,Austria,AT,EI,0
2022-04-25,Belgium,BE,TESSy,0
2022-04-25,Bulgaria,BG,TESSy,0
2022-04-25,Croatia,HR,TESSy,0
2022-04-25,Czechia,CZ,TESSy,0
2022-04-25,Denmark,DK,TESSy,0
2022-04-25,Estonia,EE,TESSy,0
2022-04-25,Finland,FI,TESSy,0
2022-04-25,France,FR,EI,0
2022-04-25,Germany,DE,EI,0
2022-04-25,Greece,EL,EI,0
2022-04-25,Hungary,HU,TESSy,0
2022-04-25,Iceland,IS,EI,0
2022-04-25,Ireland,IE,TESSy,0
2022-04-25,Italy,IT,TESSy,0
2022-04-25,Latvia,LV,TESSy,0
2022-04-25,Luxembourg,LU,EI,0
2022-04-25,Malta,MT,TESSy,0
2022-04-25,Netherlands,NL,EI,0
2022-04-25,Norway,NO,TESSy,0
2022-04-25,Poland,PL,TESSy,0
2022-04-25,Portugal,PT,EI,0
2022-04-25,Romania,RO,TESSy,0
2022-04-25,Slovenia,SI,EI,0
2022-04-25,Spain,ES,TESSy,1
2022-04-25,Sweden,SE,TESSy,0
2022-04-26,Austria,AT,EI,0
2022-04-26,Belgium,BE,TESSy,0
2022-04-26,Bulgaria,BG,TESSy,0
2022-04-26,Croatia,HR,TESSy,0
2022-04-26,Czechia,CZ,TESSy,0
2022-04-26,Denmark,DK,TESSy,0
2022-04-26,Estonia,EE,TESSy,0
2022-04-26,Finland,FI,TESSy,0
2022-04-26,France,FR,EI,0
2022-04-26,Germany,DE,EI,0
2022-04-26,Greece,EL,EI,0
2022-04-26,Hungary,HU,TESSy,0
2022-04-26,Iceland,IS,EI,0
2022-04-26,Ireland,IE,TESSy,0
2022-04-26,Italy,IT,TESSy,0
2022-04-26,Latvia,LV,TESSy,0
2022-04-26,Luxembourg,LU,EI,0
2022-04-26,Malta,MT,TESSy,0
2022-04-26,Netherlands,NL,EI,0
2022-04-26,Norway,NO,TESSy,0
2022-04-26,Poland,PL,TESSy,0
2022-04-26,Portugal,PT,EI,0
2022-04-26,Romania,RO,TESSy,0
2022-04-26,Slovenia,SI,EI,0
2022-04-26,Spain,ES,TESSy,1
2022-04-26,Sweden,SE,TESSy,0
2022-04-27,Austria,AT,EI,0
2022-04-27,Belgium,BE,TESSy,0
2022-04-27,Bulgaria,BG,TESSy,0
2022-04-27,Croatia,HR,TESSy,0
2022-04-27,Czechia,CZ,TESSy,0
2022-04-27,Denmark,DK,TESSy,0
2022-04-27,Estonia,EE,TESSy,0
2022-04-27,Finland,FI,TESSy,0
2022-04-27,France,FR,EI,0
2022-04-27,Germany,DE,EI,0
2022-04-27,Greece,EL,EI,0
2022-04-27,Hungary,HU,TESSy,0
2022-04-27,Iceland,IS,EI,0
2022-04-27,Ireland,IE,TESSy,0
2022-04-27,Italy,IT,TESSy,0
2022-04-27,Latvia,LV,TESSy,0
2022-04-27,Luxembourg,LU,EI,0
2022-04-27,Malta,MT,TESSy,0
2022-04-27,Netherlands,NL,EI,0
2022-04-27,Norway,NO,TESSy,0
2022-04-27,Poland,PL,TESSy,0
2022-04-27,Portugal,PT,EI,0
2022-04-27,Romania,RO,TESSy,0
2022-04-27,Slovenia,SI,EI,0
2022-04-27,Spain,ES,TESSy,1
2022-04-27,Sweden,SE,TESSy,0
2022-05-02,Austria,AT,EI,0
2022-05-02,Belgium,BE,TESSy,0
2022-05-02,Bulgaria,BG,TESSy,0
2022-05-02,Croatia,HR,TESSy,0
2022-05-02,Czechia,CZ,TESSy,0
2022-05-02,Denmark,DK,TESSy,0
2022-05-02,Estonia,EE,TESSy,0
2022-05-02,Finland,FI,TESSy,0
2022-05-02,France,FR,EI,0
2022-05-02,Germany,DE,EI,0
2022-05-02,Greece,EL,EI,0
2022-05-02,Hungary,HU,TESSy,0
2022-05-02,Iceland,IS,EI,0
2022-05-02,Ireland,IE,TESSy,0
2022-05-02,Italy,IT,TESSy,0
2022-05-02,Latvia,LV,TESSy,0
2022-05-02,Luxembourg,LU,EI,0
2022-05-02,Malta,MT,TESSy,0
2022-05-02,Netherlands,NL,EI,0
2022-05-02,Norway,NO,TESSy,0
2022-05-02,Poland,PL,TESSy,0
2022-05-02,Portugal,PT,EI,0
2022-05-02,Romania,RO,TESSy,0
2022-05-02,Slovenia,SI,EI,0
2022-05-02,Spain,ES,TESSy,4
2022-05-02,Sweden,SE,TESSy,0
2022-05-03,Austria,AT,EI,0
2022-05-03,Belgium,BE,TESSy,0
2022-05-03,Bulgaria,BG,TESSy,0
2022-05-03,Croatia,HR,TESSy,0
2022-05-03,Czechia,CZ,TESSy,0
2022-05-03,Denmark,DK,TESSy,0
2022-05-03,Estonia,EE,TESSy,0
2022-05-03,Finland,FI,TESSy,0
2022-05-03,France,FR,EI,0
2022-05-03,Germany,DE,EI,0
2022-05-03,Greece,EL,EI,0
2022-05-03,Hungary,HU,TESSy,0
2022-05-03,Iceland,IS,EI,0
2022-05-03,Ireland,IE,TESSy,0
2022-05-03,Italy,IT,TESSy,0
2022-05-03,Latvia,LV,TESSy,0
2022-05-03,Luxembourg,LU,EI,0
2022-05-03,Malta,MT,TESSy,0
2022-05-03,Netherlands,NL,EI,0
2022-05-03,Norway,NO,TESSy,0
2022-05-03,Poland,PL,TESSy,0
2022-05-03,Portugal,PT,EI,0
2022-05-03,Romania,RO,TESSy,0
2022-05-03,Slovenia,SI,EI,0
2022-05-03,Spain,ES,TESSy,1
2022-05-03,Sweden,SE,TESSy,0
2022-05-04,Austria,AT,EI,0
2022-05-04,Belgium,BE,TESSy,0
2022-05-04,Bulgaria,BG,TESSy,0
2022-05-04,Croatia,HR,TESSy,0
2022-05-04,Czechia,CZ,TESSy,0
2022-05-04,Denmark,DK,TESSy,0
2022-05-04,Estonia,EE,TESSy,0
2022-05-04,Finland,FI,TESSy,0
2022-05-04,France,FR,EI,0
2022-05-04,Germany,DE,EI,0
2022-05-04,Greece,EL,EI,0
2022-05-04,Hungary,HU,TESSy,0
2022-05-04,Iceland,IS,EI,0
2022-05-04,Ireland,IE,TESSy,0
2022-05-04,Italy,IT,TESSy,0
2022-05-04,Latvia,LV,TESSy,0
2022-05-04,Luxembourg,LU,EI,0
2022-05-04,Malta,MT,TESSy,0
2022-05-04,Netherlands,NL,EI,0
2022-05-04,Norway,NO,TESSy,0
2022-05-04,Poland,PL,TESSy,0
2022-05-04,Portugal,PT,EI,0
2022-05-04,Romania,RO,TESSy,0
2022-05-04,Slovenia,SI,EI,0
2022-05-04,Spain,ES,TESSy,4
2022-05-04,Sweden,SE,TESSy,0
2022-05-05,Austria,AT,EI,0
2022-05-05,Belgium,BE,TESSy,0
2022-05-05,Bulgaria,BG,TESSy,0
2022-05-05,Croatia,HR,TESSy,0
2022-05-05,Czechia,CZ,TESSy,0
2022-05-05,Denmark,DK,TESSy,0
2022-05-05,Estonia,EE,TESSy,0
2022-05-05,Finland,FI,TESSy,0
2022-05-05,France,FR,EI,0
2022-05-05,Germany,DE,EI,0
2022-05-05,Greece,EL,EI,0
2022-05-05,Hungary,HU,TESSy,0
2022-05-05,Iceland,IS,EI,0
2022-05-05,Ireland,IE,TESSy,0
2022-05-05,Italy,IT,TESSy,0
2022-05-05,Latvia,LV,TESSy,0
2022-05-05,Luxembourg,LU,EI,0
2022-05-05,Malta,MT,TESSy,0
2022-05-05,Netherlands,NL,EI,0
2022-05-05,Norway,NO,TESSy,0
2022-05-05,Poland,PL,TESSy,0
2022-05-05,Portugal,PT,EI,0
2022-05-05,Romania,RO,TESSy,0
2022-05-05,Slovenia,SI,EI,0
2022-05-05,Spain,ES,TESSy,2
2022-05-05,Sweden,SE,TESSy,0
2022-05-06,Austria,AT,EI,0
2022-05-06,Belgium,BE,TESSy,0
2022-05-06,Bulgaria,BG,TESSy,0
2022-05-06,Croatia,HR,TESSy,0
2022-05-06,Czechia,CZ,TESSy,0
2022-05-06,Denmark,DK,TESSy,0
2022-05-06,Estonia,EE,TESSy,0
2022-05-06,Finland,FI,TESSy,0
2022-05-06,France,FR,EI,0
2022-05-06,Germany,DE,EI,0
2022-05-06,Greece,EL,EI,0
2022-05-06,Hungary,HU,TESSy,0
2022-05-06,Iceland,IS,EI,0
2022-05-06,Ireland,IE,TESSy,0
2022-05-06,Italy,IT,TESSy,0
2022-05-06,Latvia,LV,TESSy,0
2022-05-06,Luxembourg,LU,EI,0
2022-05-06,Malta,MT,TESSy,0
2022-05-06,Netherlands,NL,EI,0
2022-05-06,Norway,NO,TESSy,0
2022-05-06,Poland,PL,TESSy,0
2022-05-06,Portugal,PT,EI,0
2022-05-06,Romania,RO,TESSy,0
2022-05-06,Slovenia,SI,EI,0
2022-05-06,Spain,ES,TESSy,5
2022-05-06,Sweden,SE,TESSy,0
2022-05-07,Austria,AT,EI,0
2022-05-07,Belgium,BE,TESSy,0
2022-05-07,Bulgaria,BG,TESSy,0
2022-05-07,Croatia,HR,TESSy,0
2022-05-07,Czechia,CZ,TESSy,0
2022-05-07,Denmark,DK,TESSy,0
2022-05-07,Estonia,EE,TESSy,0
2022-05-07,Finland,FI,TESSy,0
2022-05-07,France,FR,EI,0
2022-05-07,Germany,DE,EI,0
2022-05-07,Greece,EL,EI,0
2022-05-07,Hungary,HU,TESSy,0
2022-05-07,Iceland,IS,EI,0
2022-05-07,Ireland,IE,TESSy,0
2022-05-07,Italy,IT,TESSy,0
2022-05-07,Latvia,LV,TESSy,0
2022-05-07,Luxembourg,LU,EI,0
2022-05-07,Malta,MT,TESSy,0
2022-05-07,Netherlands,NL,EI,0
2022-05-07,Norway,NO,TESSy,0
2022-05-07,Poland,PL,TESSy,0
2022-05-07,Portugal,PT,EI,0
2022-05-07,Romania,RO,TESSy,0
2022-05-07,Slovenia,SI,EI,0
2022-05-07,Spain,ES,TESSy,2
2022-05-07,Sweden,SE,TESSy,0
2022-05-08,Austria,AT,EI,0
2022-05-08,Belgium,BE,TESSy,0
2022-05-08,Bulgaria,BG,TESSy,0
2022-05-08,Croatia,HR,TESSy,0
2022-05-08,Czechia,CZ,TESSy,0
2022-05-08,Denmark,DK,TESSy,0
2022-05-08,Estonia,EE,TESSy,0
2022-05-08,Finland,FI,TESSy,0
2022-05-08,France,FR,EI,0
2022-05-08,Germany,DE,EI,0
2022-05-08,Greece,EL,EI,0
2022-05-08,Hungary,HU,TESSy,0
2022-05-08,Iceland,IS,EI,0
2022-05-08,Ireland,IE,TESSy,0
2022-05-08,Italy,IT,TESSy,0
2022-05-08,Latvia,LV,TESSy,0
2022-05-08,Luxembourg,LU,EI,0
2022-05-08,Malta,MT,TESSy,0
2022-05-08,Netherlands,NL,EI,0
2022-05-08,Norway,NO,TESSy,0
2022-05-08,Poland,PL,TESSy,0
2022-05-08,Portugal,PT,EI,0
2022-05-08,Romania,RO,TESSy,0
2022-05-08,Slovenia,SI,EI,0
2022-05-08,Spain,ES,TESSy,2
2022-05-08,Sweden,SE,TESSy,0
2022-05-09,Austria,AT,EI,0
2022-05-09,Belgium,BE,TESSy,0
2022-05-09,Bulgaria,BG,TESSy,0
2022-05-09,Croatia,HR,TESSy,0
2022-05-09,Czechia,CZ,TESSy,0
2022-05-09,Denmark,DK,TESSy,0
2022-05-09,Estonia,EE,TESSy,0
2022-05-09,Finland,FI,TESSy,0
2022-05-09,France,FR,EI,0
2022-05-09,Germany,DE,EI,0
2022-05-09,Greece,EL,EI,0
2022-05-09,Hungary,HU,TESSy,0
2022-05-09,Iceland,IS,EI,0
2022-05-09,Ireland,IE,TESSy,0
2022-05-09,Italy,IT,TESSy,1
2022-05-09,Latvia,LV,TESSy,0
2022-05-09,Luxembourg,LU,EI,0
2022-05-09,Malta,MT,TESSy,0
2022-05-09,Netherlands,NL,EI,0
2022-05-09,Norway,NO,TESSy,0
2022-05-09,Poland,PL,TESSy,0
2022-05-09,Portugal,PT,EI,0
2022-05-09,Romania,RO,TESSy,0
2022-05-09,Slovenia,SI,EI,0
2022-05-09,Spain,ES,TESSy,7
2022-05-09,Sweden,SE,TESSy,0
2022-05-10,Austria,AT,EI,0
2022-05-10,Belgium,BE,TESSy,0
2022-05-10,Bulgaria,BG,TESSy,0
2022-05-10,Croatia,HR,TESSy,0
2022-05-10,Czechia,CZ,TESSy,0
2022-05-10,Denmark,DK,TESSy,0
2022-05-10,Estonia,EE,TESSy,0
2022-05-10,Finland,FI,TESSy,0
2022-05-10,France,FR,EI,0
2022-05-10,Germany,DE,EI,0
2022-05-10,Greece,EL,EI,0
2022-05-10,Hungary,HU,TESSy,0
2022-05-10,Iceland,IS,EI,0
2022-05-10,Ireland,IE,TESSy,0
2022-05-10,Italy,IT,TESSy,0
2022-05-10,Latvia,LV,TESSy,0
2022-05-10,Luxembourg,LU,EI,0
2022-05-10,Malta,MT,TESSy,0
2022-05-10,Netherlands,NL,EI,0
2022-05-10,Norway,NO,TESSy,0
2022-05-10,Poland,PL,TESSy,0
2022-05-10,Portugal,PT,EI,0
2022-05-10,Romania,RO,TESSy,0
2022-05-10,Slovenia,SI,EI,0
2022-05-10,Spain,ES,TESSy,6
2022-05-10,Sweden,SE,TESSy,0
2022-05-11,Austria,AT,EI,0
2022-05-11,Belgium,BE,TESSy,0
2022-05-11,Bulgaria,BG,TESSy,0
2022-05-11,Croatia,HR,TESSy,0
2022-05-11,Czechia,CZ,TESSy,0
2022-05-11,Denmark,DK,TESSy,0
2022-05-11,Estonia,EE,TESSy,0
2022-05-11,Finland,FI,TESSy,0
2022-05-11,France,FR,EI,0
2022-05-11,Germany,DE,EI,0
2022-05-11,Greece,EL,EI,0
2022-05-11,Hungary,HU,TESSy,0
2022-05-11,Iceland,IS,EI,0
2022-05-11,Ireland,IE,TESSy,0
2022-05-11,Italy,IT,TESSy,0
2022-05-11,Latvia,LV,TESSy,0
2022-05-11,Luxembourg,LU,EI,0
2022-05-11,Malta,MT,TESSy,0
2022-05-11,Netherlands,NL,EI,0
2022-05-11,Norway,NO,TESSy,0
2022-05-11,Poland,PL,TESSy,0
2022-05-11,Portugal,PT,EI,0
2022-05-11,Romania,RO,TESSy,0
2022-05-11,Slovenia,SI,EI,0
2022-05-11,Spain,ES,TESSy,8
2022-05-11,Sweden,SE,TESSy,0
2022-05-12,Austria,AT,EI,0
2022-05-12,Belgium,BE,TESSy,0
2022-05-12,Bulgaria,BG,TESSy,0
2022-05-12,Croatia,HR,TESSy,0
2022-05-12,Czechia,CZ,TESSy,0
2022-05-12,Denmark,DK,TESSy,0
2022-05-12,Estonia,EE,TESSy,0
2022-05-12,Finland,FI,TESSy,0
2022-05-12,France,FR,EI,0
2022-05-12,Germany,DE,EI,0
2022-05-12,Greece,EL,EI,0
2022-05-12,Hungary,HU,TESSy,0
2022-05-12,Iceland,IS,EI,0
2022-05-12,Ireland,IE,TESSy,0
2022-05-12,Italy,IT,TESSy,0
2022-05-12,Latvia,LV,TESSy,0
2022-05-12,Luxembourg,LU,EI,0
2022-05-12,Malta,MT,TESSy,0
2022-05-12,Netherlands,NL,EI,0
2022-05-12,Norway,NO,TESSy,0
2022-05-12,Poland,PL,TESSy,0
2022-05-12,Portugal,PT,EI,0
2022-05-12,Romania,RO,TESSy,0
2022-05-12,Slovenia,SI,EI,0
2022-05-12,Spain,ES,TESSy,10
2022-05-12,Sweden,SE,TESSy,0
2022-05-13,Austria,AT,EI,0
2022-05-13,Belgium,BE,TESSy,0
2022-05-13,Bulgaria,BG,TESSy,0
2022-05-13,Croatia,HR,TESSy,0
2022-05-13,Czechia,CZ,TESSy,0
2022-05-13,Denmark,DK,TESSy,0
2022-05-13,Estonia,EE,TESSy,0
2022-05-13,Finland,FI,TESSy,0
2022-05-13,France,FR,EI,0
2022-05-13,Germany,DE,EI,0
2022-05-13,Greece,EL,EI,0
2022-05-13,Hungary,HU,TESSy,0
2022-05-13,Iceland,IS,EI,0
2022-05-13,Ireland,IE,TESSy,0
2022-05-13,Italy,IT,TESSy,0
2022-05-13,Latvia,LV,TESSy,0
2022-05-13,Luxembourg,LU,EI,0
2022-05-13,Malta,MT,TESSy,0
2022-05-13,Netherlands,NL,EI,0
2022-05-13,Norway,NO,TESSy,0
2022-05-13,Poland,PL,TESSy,0
2022-05-13,Portugal,PT,EI,0
2022-05-13,Romania,RO,TESSy,0
2022-05-13,Slovenia,SI,EI,0
2022-05-13,Spain,ES,TESSy,7
2022-05-13,Sweden,SE,TESSy,0
2022-05-14,Austria,AT,EI,0
2022-05-14,Belgium,BE,TESSy,0
2022-05-14,Bulgaria,BG,TESSy,0
2022-05-14,Croatia,HR,TESSy,0
2022-05-14,Czechia,CZ,TESSy,0
2022-05-14,Denmark,DK,TESSy,0
2022-05-14,Estonia,EE,TESSy,0
2022-05-14,Finland,FI,TESSy,0
2022-05-14,France,FR,EI,0
2022-05-14,Germany,DE,EI,0
2022-05-14,Greece,EL,EI,0
2022-05-14,Hungary,HU,TESSy,0
2022-05-14,Iceland,IS,EI,0
2022-05-14,Ireland,IE,TESSy,0
2022-05-14,Italy,IT,TESSy,0
2022-05-14,Latvia,LV,TESSy,0
2022-05-14,Luxembourg,LU,EI,0
2022-05-14,Malta,MT,TESSy,0
2022-05-14,Netherlands,NL,EI,0
2022-05-14,Norway,NO,TESSy,0
2022-05-14,Poland,PL,TESSy,0
2022-05-14,Portugal,PT,EI,0
2022-05-14,Romania,RO,TESSy,0
2022-05-14,Slovenia,SI,EI,0
2022-05-14,Spain,ES,TESSy,4
2022-05-14,Sweden,SE,TESSy,0
2022-05-15,Austria,AT,EI,0
2022-05-15,Belgium,BE,TESSy,0
2022-05-15,Bulgaria,BG,TESSy,0
2022-05-15,Croatia,HR,TESSy,0
2022-05-15,Czechia,CZ,TESSy,0
2022-05-15,Denmark,DK,TESSy,0
2022-05-15,Estonia,EE,TESSy,0
2022-05-15,Finland,FI,TESSy,0
2022-05-15,France,FR,EI,0
2022-05-15,Germany,DE,EI,0
2022-05-15,Greece,EL,EI,0
2022-05-15,Hungary,HU,TESSy,0
2022-05-15,Iceland,IS,EI,0
2022-05-15,Ireland,IE,TESSy,0
2022-05-15,Italy,IT,TESSy,4
2022-05-15,Latvia,LV,TESSy,0
2022-05-15,Luxembourg,LU,EI,0
2022-05-15,Malta,MT,TESSy,0
2022-05-15,Netherlands,NL,EI,0
2022-05-15,Norway,NO,TESSy,0
2022-05-15,Poland,PL,TESSy,0
2022-05-15,Portugal,PT,EI,0
2022-05-15,Romania,RO,TESSy,0
2022-05-15,Slovenia,SI,EI,0
2022-05-15,Spain,ES,TESSy,13
2022-05-15,Sweden,SE,TESSy,0
2022-05-16,Austria,AT,EI,0
2022-05-16,Belgium,BE,TESSy,0
2022-05-16,Bulgaria,BG,TESSy,0
2022-05-16,Croatia,HR,TESSy,0
2022-05-16,Czechia,CZ,TESSy,0
2022-05-16,Denmark,DK,TESSy,0
2022-05-16,Estonia,EE,TESSy,0
2022-05-16,Finland,FI,TESSy,0
2022-05-16,France,FR,EI,0
2022-05-16,Germany,DE,EI,0
2022-05-16,Greece,EL,EI,0
2022-05-16,Hungary,HU,TESSy,0
2022-05-16,Iceland,IS,EI,0
2022-05-16,Ireland,IE,TESSy,0
2022-05-16,Italy,IT,TESSy,2
2022-05-16,Latvia,LV,TESSy,0
2022-05-16,Luxembourg,LU,EI,0
2022-05-16,Malta,MT,TESSy,0
2022-05-16,Netherlands,NL,EI,0
2022-05-16,Norway,NO,TESSy,0
2022-05-16,Poland,PL,TESSy,0
2022-05-16,Portugal,PT,EI,0
2022-05-16,Romania,RO,TESSy,0
2022-05-16,Slovenia,SI,EI,0
2022-05-16,Spain,ES,TESSy,21
2022-05-16,Sweden,SE,TESSy,0
2022-05-17,Austria,AT,EI,0
2022-05-17,Belgium,BE,TESSy,0
2022-05-17,Bulgaria,BG,TESSy,0
2022-05-17,Croatia,HR,TESSy,0
2022-05-17,Czechia,CZ,TESSy,0
2022-05-17,Denmark,DK,TESSy,0
2022-05-17,Estonia,EE,TESSy,0
2022-05-17,Finland,FI,TESSy,0
2022-05-17,France,FR,EI,0
2022-05-17,Germany,DE,EI,0
2022-05-17,Greece,EL,EI,0
2022-05-17,Hungary,HU,TESSy,0
2022-05-17,Iceland,IS,EI,0
2022-05-17,Ireland,IE,TESSy,0
2022-05-17,Italy,IT,TESSy,0
2022-05-17,Latvia,LV,TESSy,0
2022-05-17,Luxembourg,LU,EI,0
2022-05-17,Malta,MT,TESSy,0
2022-05-17,Netherlands,NL,EI,0
2022-05-17,Norway,NO,TESSy,0
2022-05-17,Poland,PL,TESSy,0
2022-05-17,Portugal,PT,EI,0
2022-05-17,Romania,RO,TESSy,0
2022-05-17,Slovenia,SI,EI,0
2022-05-17,Spain,ES,TESSy,12
2022-05-17,Sweden,SE,TESSy,0
2022-05-18,Austria,AT,EI,0
2022-05-18,Belgium,BE,TESSy,0
2022-05-18,Bulgaria,BG,TESSy,0
2022-05-18,Croatia,HR,TESSy,0
2022-05-18,Czechia,CZ,TESSy,0
2022-05-18,Denmark,DK,TESSy,0
2022-05-18,Estonia,EE,TESSy,0
2022-05-18,Finland,FI,TESSy,0
2022-05-18,France,FR,EI,0
2022-05-18,Germany,DE,EI,0
2022-05-18,Greece,EL,EI,0
2022-05-18,Hungary,HU,TESSy,0
2022-05-18,Iceland,IS,EI,0
2022-05-18,Ireland,IE,TESSy,0
2022-05-18,Italy,IT,TESSy,0
2022-05-18,Latvia,LV,TESSy,0
2022-05-18,Luxembourg,LU,EI,0
2022-05-18,Malta,MT,TESSy,0
2022-05-18,Netherlands,NL,EI,0
2022-05-18,Norway,NO,TESSy,0
2022-05-18,Poland,PL,TESSy,0
2022-05-18,Portugal,PT,EI,5
2022-05-18,Romania,RO,TESSy,0
2022-05-18,Slovenia,SI,EI,0
2022-05-18,Spain,ES,TESSy,9
2022-05-18,Sweden,SE,TESSy,0
2022-05-19,Austria,AT,EI,0
2022-05-19,Belgium,BE,TESSy,2
2022-05-19,Bulgaria,BG,TESSy,0
2022-05-19,Croatia,HR,TESSy,0
2022-05-19,Czechia,CZ,TESSy,0
2022-05-19,Denmark,DK,TESSy,0
2022-05-19,Estonia,EE,TESSy,0
2022-05-19,Finland,FI,TESSy,0
2022-05-19,France,FR,EI,0
2022-05-19,Germany,DE,EI,0
2022-05-19,Greece,EL,EI,0
2022-05-19,Hungary,HU,TESSy,0
2022-05-19,Iceland,IS,EI,0
2022-05-19,Ireland,IE,TESSy,0
2022-05-19,Italy,IT,TESSy,0
2022-05-19,Latvia,LV,TESSy,0
2022-05-19,Luxembourg,LU,EI,0
2022-05-19,Malta,MT,TESSy,0
2022-05-19,Netherlands,NL,EI,0
2022-05-19,Norway,NO,TESSy,0
2022-05-19,Poland,PL,TESSy,0
2022-05-19,Portugal,PT,EI,9
2022-05-19,Romania,RO,TESSy,0
2022-05-19,Slovenia,SI,EI,0
2022-05-19,Spain,ES,TESSy,23
2022-05-19,Sweden,SE,TESSy,0
2022-05-20,Austria,AT,EI,0
2022-05-20,Belgium,BE,TESSy,1
2022-05-20,Bulgaria,BG,TESSy,0
2022-05-20,Croatia,HR,TESSy,0
2022-05-20,Czechia,CZ,TESSy,0
2022-05-20,Denmark,DK,TESSy,0
2022-05-20,Estonia,EE,TESSy,0
2022-05-20,Finland,FI,TESSy,0
2022-05-20,France,FR,EI,1
2022-05-20,Germany,DE,EI,0
2022-05-20,Greece,EL,EI,0
2022-05-20,Hungary,HU,TESSy,0
2022-05-20,Iceland,IS,EI,0
2022-05-20,Ireland,IE,TESSy,0
2022-05-20,Italy,IT,TESSy,1
2022-05-20,Latvia,LV,TESSy,0
2022-05-20,Luxembourg,LU,EI,0
2022-05-20,Malta,MT,TESSy,0
2022-05-20,Netherlands,NL,EI,1
2022-05-20,Norway,NO,TESSy,0
2022-05-20,Poland,PL,TESSy,0
2022-05-20,Portugal,PT,EI,9
2022-05-20,Romania,RO,TESSy,0
2022-05-20,Slovenia,SI,EI,0
2022-05-20,Spain,ES,TESSy,12
2022-05-20,Sweden,SE,TESSy,0
2022-05-21,Austria,AT,EI,0
2022-05-21,Belgium,BE,TESSy,0
2022-05-21,Bulgaria,BG,TESSy,0
2022-05-21,Croatia,HR,TESSy,0
2022-05-21,Czechia,CZ,TESSy,0
2022-05-21,Denmark,DK,TESSy,0
2022-05-21,Estonia,EE,TESSy,0
2022-05-21,Finland,FI,TESSy,0
2022-05-21,France,FR,EI,0
2022-05-21,Germany,DE,EI,2
2022-05-21,Greece,EL,EI,0
2022-05-21,Hungary,HU,TESSy,0
2022-05-21,Iceland,IS,EI,0
2022-05-21,Ireland,IE,TESSy,0
2022-05-21,Italy,IT,TESSy,0
2022-05-21,Latvia,LV,TESSy,0
2022-05-21,Luxembourg,LU,EI,0
2022-05-21,Malta,MT,TESSy,0
2022-05-21,Netherlands,NL,EI,0
2022-05-21,Norway,NO,TESSy,0
2022-05-21,Poland,PL,TESSy,0
2022-05-21,Portugal,PT,EI,0
2022-05-21,Romania,RO,TESSy,0
2022-05-21,Slovenia,SI,EI,0
2022-05-21,Spain,ES,TESSy,20
2022-05-21,Sweden,SE,TESSy,0
2022-05-22,Austria,AT,EI,1
2022-05-22,Belgium,BE,TESSy,0
2022-05-22,Bulgaria,BG,TESSy,0
2022-05-22,Croatia,HR,TESSy,0
2022-05-22,Czechia,CZ,TESSy,0
2022-05-22,Denmark,DK,TESSy,1
2022-05-22,Estonia,EE,TESSy,0
2022-05-22,Finland,FI,TESSy,0
2022-05-22,France,FR,EI,0
2022-05-22,Germany,DE,EI,0
2022-05-22,Greece,EL,EI,0
2022-05-22,Hungary,HU,TESSy,0
2022-05-22,Iceland,IS,EI,0
2022-05-22,Ireland,IE,TESSy,0
2022-05-22,Italy,IT,TESSy,0
2022-05-22,Latvia,LV,TESSy,0
2022-05-22,Luxembourg,LU,EI,0
2022-05-22,Malta,MT,TESSy,0
2022-05-22,Netherlands,NL,EI,0
2022-05-22,Norway,NO,TESSy,0
2022-05-22,Poland,PL,TESSy,0
2022-05-22,Portugal,PT,EI,0
2022-05-22,Romania,RO,TESSy,0
2022-05-22,Slovenia,SI,EI,0
2022-05-22,Spain,ES,TESSy,28
2022-05-22,Sweden,SE,TESSy,0
2022-05-23,Austria,AT,EI,1
2022-05-23,Belgium,BE,TESSy,2
2022-05-23,Bulgaria,BG,TESSy,0
2022-05-23,Croatia,HR,TESSy,0
2022-05-23,Czechia,CZ,TESSy,0
2022-05-23,Denmark,DK,TESSy,1
2022-05-23,Estonia,EE,TESSy,0
2022-05-23,Finland,FI,TESSy,0
2022-05-23,France,FR,EI,2
2022-05-23,Germany,DE,EI,0
2022-05-23,Greece,EL,EI,0
2022-05-23,Hungary,HU,TESSy,0
2022-05-23,Iceland,IS,EI,0
2022-05-23,Ireland,IE,TESSy,0
2022-05-23,Italy,IT,TESSy,1
2022-05-23,Latvia,LV,TESSy,0
2022-05-23,Luxembourg,LU,EI,0
2022-05-23,Malta,MT,TESSy,0
2022-05-23,Netherlands,NL,EI,5
2022-05-23,Norway,NO,TESSy,0
2022-05-23,Poland,PL,TESSy,0
2022-05-23,Portugal,PT,EI,14
2022-05-23,Romania,RO,TESSy,0
2022-05-23,Slovenia,SI,EI,0
2022-05-23,Spain,ES,TESSy,17
2022-05-23,Sweden,SE,TESSy,0
2022-05-24,Austria,AT,EI,0
2022-05-24,Belgium,BE,TESSy,1
2022-05-24,Bulgaria,BG,TESSy,0
2022-05-24,Croatia,HR,TESSy,0
2022-05-24,Czechia,CZ,TESSy,0
2022-05-24,Denmark,DK,TESSy,0
2022-05-24,Estonia,EE,TESSy,0
2022-05-24,Finland,FI,TESSy,1
2022-05-24,France,FR,EI,2
2022-05-24,Germany,DE,EI,3
2022-05-24,Greece,EL,EI,0
2022-05-24,Hungary,HU,TESSy,0
2022-05-24,Iceland,IS,EI,0
2022-05-24,Ireland,IE,TESSy,0
2022-05-24,Italy,IT,TESSy,1
2022-05-24,Latvia,LV,TESSy,0
2022-05-24,Luxembourg,LU,EI,0
2022-05-24,Malta,MT,TESSy,0
2022-05-24,Netherlands,NL,EI,0
2022-05-24,Norway,NO,TESSy,0
2022-05-24,Poland,PL,TESSy,0
2022-05-24,Portugal,PT,EI,0
2022-05-24,Romania,RO,TESSy,0
2022-05-24,Slovenia,SI,EI,1
2022-05-24,Spain,ES,TESSy,16
2022-05-24,Sweden,SE,TESSy,1
2022-05-25,Austria,AT,EI,0
2022-05-25,Belgium,BE,TESSy,3
2022-05-25,Bulgaria,BG,TESSy,0
2022-05-25,Croatia,HR,TESSy,0
2022-05-25,Czechia,CZ,TESSy,0
2022-05-25,Denmark,DK,TESSy,0
2022-05-25,Estonia,EE,TESSy,0
2022-05-25,Finland,FI,TESSy,0
2022-05-25,France,FR,EI,2
2022-05-25,Germany,DE,EI,0
2022-05-25,Greece,EL,EI,0
2022-05-25,Hungary,HU,TESSy,0
2022-05-25,Iceland,IS,EI,0
2022-05-25,Ireland,IE,TESSy,0
2022-05-25,Italy,IT,TESSy,8
2022-05-25,Latvia,LV,TESSy,0
2022-05-25,Luxembourg,LU,EI,0
2022-05-25,Malta,MT,TESSy,1
2022-05-25,Netherlands,NL,EI,6
2022-05-25,Norway,NO,TESSy,0
2022-05-25,Poland,PL,TESSy,0
2022-05-25,Portugal,PT,EI,0
2022-05-25,Romania,RO,TESSy,0
2022-05-25,Slovenia,SI,EI,0
2022-05-25,Spain,ES,TESSy,23
2022-05-25,Sweden,SE,TESSy,0
2022-05-26,Austria,AT,EI,0
2022-05-26,Belgium,BE,TESSy,0
2022-05-26,Bulgaria,BG,TESSy,0
2022-05-26,Croatia,HR,TESSy,0
2022-05-26,Czechia,CZ,TESSy,0
2022-05-26,Denmark,DK,TESSy,0
2022-05-26,Estonia,EE,TESSy,0
2022-05-26,Finland,FI,TESSy,0
2022-05-26,France,FR,EI,0
2022-05-26,Germany,DE,EI,0
2022-05-26,Greece,EL,EI,0
2022-05-26,Hungary,HU,TESSy,1
2022-05-26,Iceland,IS,EI,0
2022-05-26,Ireland,IE,TESSy,0
2022-05-26,Italy,IT,TESSy,0
2022-05-26,Latvia,LV,TESSy,0
2022-05-26,Luxembourg,LU,EI,0
2022-05-26,Malta,MT,TESSy,0
2022-05-26,Netherlands,NL,EI,0
2022-05-26,Norway,NO,TESSy,0
2022-05-26,Poland,PL,TESSy,0
2022-05-26,Portugal,PT,EI,21
2022-05-26,Romania,RO,TESSy,0
2022-05-26,Slovenia,SI,EI,0
2022-05-26,Spain,ES,TESSy,14
2022-05-26,Sweden,SE,TESSy,0
2022-05-27,Austria,AT,EI,0
2022-05-27,Belgium,BE,TESSy,4
2022-05-27,Bulgaria,BG,TESSy,0
2022-05-27,Croatia,HR,TESSy,0
2022-05-27,Czechia,CZ,TESSy,0
2022-05-27,Denmark,DK,TESSy,0
2022-05-27,Estonia,EE,TESSy,0
2022-05-27,Finland,FI,TESSy,0
2022-05-27,France,FR,EI,0
2022-05-27,Germany,DE,EI,11
2022-05-27,Greece,EL,EI,0
2022-05-27,Hungary,HU,TESSy,1
2022-05-27,Iceland,IS,EI,0
2022-05-27,Ireland,IE,TESSy,0
2022-05-27,Italy,IT,TESSy,4
2022-05-27,Latvia,LV,TESSy,0
2022-05-27,Luxembourg,LU,EI,0
2022-05-27,Malta,MT,TESSy,0
2022-05-27,Netherlands,NL,EI,0
2022-05-27,Norway,NO,TESSy,0
2022-05-27,Poland,PL,TESSy,0
2022-05-27,Portugal,PT,EI,16
2022-05-27,Romania,RO,TESSy,0
2022-05-27,Slovenia,SI,EI,1
2022-05-27,Spain,ES,TESSy,16
2022-05-27,Sweden,SE,TESSy,0
2022-05-28,Austria,AT,EI,0
2022-05-28,Belgium,BE,TESSy,0
2022-05-28,Bulgaria,BG,TESSy,0
2022-05-28,Croatia,HR,TESSy,0
2022-05-28,Czechia,CZ,TESSy,0
2022-05-28,Denmark,DK,TESSy,0
2022-05-28,Estonia,EE,TESSy,0
2022-05-28,Finland,FI,TESSy,0
2022-05-28,France,FR,EI,0
2022-05-28,Germany,DE,EI,0
2022-05-28,Greece,EL,EI,0
2022-05-28,Hungary,HU,TESSy,0
2022-05-28,Iceland,IS,EI,0
2022-05-28,Ireland,IE,TESSy,0
2022-05-28,Italy,IT,TESSy,0
2022-05-28,Latvia,LV,TESSy,0
2022-05-28,Luxembourg,LU,EI,0
2022-05-28,Malta,MT,TESSy,0
2022-05-28,Netherlands,NL,EI,0
2022-05-28,Norway,NO,TESSy,0
2022-05-28,Poland,PL,TESSy,0
2022-05-28,Portugal,PT,EI,26
2022-05-28,Romania,RO,TESSy,0
2022-05-28,Slovenia,SI,EI,0
2022-05-28,Spain,ES,TESSy,17
2022-05-28,Sweden,SE,TESSy,0
2022-05-29,Austria,AT,EI,0
2022-05-29,Belgium,BE,TESSy,0
2022-05-29,Bulgaria,BG,TESSy,0
2022-05-29,Croatia,HR,TESSy,0
2022-05-29,Czechia,CZ,TESSy,0
2022-05-29,Denmark,DK,TESSy,0
2022-05-29,Estonia,EE,TESSy,0
2022-05-29,Finland,FI,TESSy,0
2022-05-29,France,FR,EI,9
2022-05-29,Germany,DE,EI,0
2022-05-29,Greece,EL,EI,0
2022-05-29,Hungary,HU,TESSy,1
2022-05-29,Iceland,IS,EI,0
2022-05-29,Ireland,IE,TESSy,0
2022-05-29,Italy,IT,TESSy,1
2022-05-29,Latvia,LV,TESSy,0
2022-05-29,Luxembourg,LU,EI,0
2022-05-29,Malta,MT,TESSy,0
2022-05-29,Netherlands,NL,EI,0
2022-05-29,Norway,NO,TESSy,0
2022-05-29,Poland,PL,TESSy,0
2022-05-29,Portugal,PT,EI,0
2022-05-29,Romania,RO,TESSy,0
2022-05-29,Slovenia,SI,EI,0
2022-05-29,Spain,ES,TESSy,15
2022-05-29,Sweden,SE,TESSy,0
2022-05-30,Austria,AT,EI,0
2022-05-30,Belgium,BE,TESSy,1
2022-05-30,Bulgaria,BG,TESSy,0
2022-05-30,Croatia,HR,TESSy,0
2022-05-30,Czechia,CZ,TESSy,1
2022-05-30,Denmark,DK,TESSy,0
2022-05-30,Estonia,EE,TESSy,0
2022-05-30,Finland,FI,TESSy,0
2022-05-30,France,FR,EI,1
2022-05-30,Germany,DE,EI,5
2022-05-30,Greece,EL,EI,0
2022-05-30,Hungary,HU,TESSy,0
2022-05-30,Iceland,IS,EI,0
2022-05-30,Ireland,IE,TESSy,0
2022-05-30,Italy,IT,TESSy,5
2022-05-30,Latvia,LV,TESSy,0
2022-05-30,Luxembourg,LU,EI,0
2022-05-30,Malta,MT,TESSy,0
2022-05-30,Netherlands,NL,EI,14
2022-05-30,Norway,NO,TESSy,1
2022-05-30,Poland,PL,TESSy,0
2022-05-30,Portugal,PT,EI,22
2022-05-30,Romania,RO,TESSy,0
2022-05-30,Slovenia,SI,EI,0
2022-05-30,Spain,ES,TESSy,40
2022-05-30,Sweden,SE,TESSy,0
2022-05-31,Austria,AT,EI,0
2022-05-31,Belgium,BE,TESSy,2
2022-05-31,Bulgaria,BG,TESSy,0
2022-05-31,Croatia,HR,TESSy,0
2022-05-31,Czechia,CZ,TESSy,0
2022-05-31,Denmark,DK,TESSy,0
2022-05-31,Estonia,EE,TESSy,0
2022-05-31,Finland,FI,TESSy,1
2022-05-31,France,FR,EI,0
2022-05-31,Germany,DE,EI,12
2022-05-31,Greece,EL,EI,0
2022-05-31,Hungary,HU,TESSy,0
2022-05-31,Iceland,IS,EI,0
2022-05-31,Ireland,IE,TESSy,2
2022-05-31,Italy,IT,TESSy,1
2022-05-31,Latvia,LV,TESSy,0
2022-05-31,Luxembourg,LU,EI,0
2022-05-31,Malta,MT,TESSy,0
2022-05-31,Netherlands,NL,EI,0
2022-05-31,Norway,NO,TESSy,1
2022-05-31,Poland,PL,TESSy,1
2022-05-31,Portugal,PT,EI,4
2022-05-31,Romania,RO,TESSy,0
2022-05-31,Slovenia,SI,EI,0
2022-05-31,Spain,ES,TESSy,44
2022-05-31,Sweden,SE,TESSy,1
2022-06-01,Austria,AT,EI,0
2022-06-01,Belgium,BE,TESSy,3
2022-06-01,Bulgaria,BG,TESSy,0
2022-06-01,Croatia,HR,TESSy,0
2022-06-01,Czechia,CZ,TESSy,1
2022-06-01,Denmark,DK,TESSy,0
2022-06-01,Estonia,EE,TESSy,0
2022-06-01,Finland,FI,TESSy,0
2022-06-01,France,FR,EI,16
2022-06-01,Germany,DE,EI,24
2022-06-01,Greece,EL,EI,0
2022-06-01,Hungary,HU,TESSy,0
2022-06-01,Iceland,IS,EI,0
2022-06-01,Ireland,IE,TESSy,2
2022-06-01,Italy,IT,TESSy,0
2022-06-01,Latvia,LV,TESSy,0
2022-06-01,Luxembourg,LU,EI,0
2022-06-01,Malta,MT,TESSy,0
2022-06-01,Netherlands,NL,EI,0
2022-06-01,Norway,NO,TESSy,0
2022-06-01,Poland,PL,TESSy,0
2022-06-01,Portugal,PT,EI,19
2022-06-01,Romania,RO,TESSy,0
2022-06-01,Slovenia,SI,EI,0
2022-06-01,Spain,ES,TESSy,53
2022-06-01,Sweden,SE,TESSy,1
2022-06-02,Austria,AT,EI,0
2022-06-02,Belgium,BE,TESSy,3
2022-06-02,Bulgaria,BG,TESSy,0
2022-06-02,Croatia,HR,TESSy,0
2022-06-02,Czechia,CZ,TESSy,0
2022-06-02,Denmark,DK,TESSy,1
2022-06-02,Estonia,EE,TESSy,0
2022-06-02,Finland,FI,TESSy,0
2022-06-02,France,FR,EI,12
2022-06-02,Germany,DE,EI,0
2022-06-02,Greece,EL,EI,0
2022-06-02,Hungary,HU,TESSy,0
2022-06-02,Iceland,IS,EI,0
2022-06-02,Ireland,IE,TESSy,2
2022-06-02,Italy,IT,TESSy,0
2022-06-02,Latvia,LV,TESSy,0
2022-06-02,Luxembourg,LU,EI,0
2022-06-02,Malta,MT,TESSy,0
2022-06-02,Netherlands,NL,EI,14
2022-06-02,Norway,NO,TESSy,0
2022-06-02,Poland,PL,TESSy,0
2022-06-02,Portugal,PT,EI,19
2022-06-02,Romania,RO,TESSy,0
2022-06-02,Slovenia,SI,EI,4
2022-06-02,Spain,ES,TESSy,30
2022-06-02,Sweden,SE,TESSy,1
2022-06-03,Austria,AT,EI,0
2022-06-03,Belgium,BE,TESSy,3
2022-06-03,Bulgaria,BG,TESSy,0
2022-06-03,Croatia,HR,TESSy,0
2022-06-03,Czechia,CZ,TESSy,4
2022-06-03,Denmark,DK,TESSy,0
2022-06-03,Estonia,EE,TESSy,0
2022-06-03,Finland,FI,TESSy,0
2022-06-03,France,FR,EI,6
2022-06-03,Germany,DE,EI,8
2022-06-03,Greece,EL,EI,0
2022-06-03,Hungary,HU,TESSy,0
2022-06-03,Iceland,IS,EI,0
2022-06-03,Ireland,IE,TESSy,1
2022-06-03,Italy,IT,TESSy,1
2022-06-03,Latvia,LV,TESSy,0
2022-06-03,Luxembourg,LU,EI,0
2022-06-03,Malta,MT,TESSy,0
2022-06-03,Netherlands,NL,EI,0
2022-06-03,Norway,NO,TESSy,0
2022-06-03,Poland,PL,TESSy,0
2022-06-03,Portugal,PT,EI,5
2022-06-03,Romania,RO,TESSy,0
2022-06-03,Slovenia,SI,EI,0
2022-06-03,Spain,ES,TESSy,44
2022-06-03,Sweden,SE,TESSy,0
2022-06-04,Austria,AT,EI,0
2022-06-04,Belgium,BE,TESSy,1
2022-06-04,Bulgaria,BG,TESSy,0
2022-06-04,Croatia,HR,TESSy,0
2022-06-04,Czechia,CZ,TESSy,0
2022-06-04,Denmark,DK,TESSy,0
2022-06-04,Estonia,EE,TESSy,0
2022-06-04,Finland,FI,TESSy,0
2022-06-04,France,FR,EI,0
2022-06-04,Germany,DE,EI,0
2022-06-04,Greece,EL,EI,0
2022-06-04,Hungary,HU,TESSy,1
2022-06-04,Iceland,IS,EI,0
2022-06-04,Ireland,IE,TESSy,0
2022-06-04,Italy,IT,TESSy,0
2022-06-04,Latvia,LV,TESSy,0
2022-06-04,Luxembourg,LU,EI,0
2022-06-04,Malta,MT,TESSy,0
2022-06-04,Netherlands,NL,EI,0
2022-06-04,Norway,NO,TESSy,0
2022-06-04,Poland,PL,TESSy,0
2022-06-04,Portugal,PT,EI,0
2022-06-04,Romania,RO,TESSy,0
2022-06-04,Slovenia,SI,EI,0
2022-06-04,Spain,ES,TESSy,27
2022-06-04,Sweden,SE,TESSy,0
2022-06-05,Austria,AT,EI,0
2022-06-05,Belgium,BE,TESSy,0
2022-06-05,Bulgaria,BG,TESSy,0
2022-06-05,Croatia,HR,TESSy,0
2022-06-05,Czechia,CZ,TESSy,0
2022-06-05,Denmark,DK,TESSy,0
2022-06-05,Estonia,EE,TESSy,0
2022-06-05,Finland,FI,TESSy,1
2022-06-05,France,FR,EI,0
2022-06-05,Germany,DE,EI,0
2022-06-05,Greece,EL,EI,0
2022-06-05,Hungary,HU,TESSy,1
2022-06-05,Iceland,IS,EI,0
2022-06-05,Ireland,IE,TESSy,0
2022-06-05,Italy,IT,TESSy,0
2022-06-05,Latvia,LV,TESSy,0
2022-06-05,Luxembourg,LU,EI,0
2022-06-05,Malta,MT,TESSy,0
2022-06-05,Netherlands,NL,EI,0
2022-06-05,Norway,NO,TESSy,0
2022-06-05,Poland,PL,TESSy,0
2022-06-05,Portugal,PT,EI,0
2022-06-05,Romania,RO,TESSy,0
2022-06-05,Slovenia,SI,EI,0
2022-06-05,Spain,ES,TESSy,36
2022-06-05,Sweden,SE,TESSy,0
2022-06-06,Austria,AT,EI,0
2022-06-06,Belgium,BE,TESSy,0
2022-06-06,Bulgaria,BG,TESSy,0
2022-06-06,Croatia,HR,TESSy,0
2022-06-06,Czechia,CZ,TESSy,0
2022-06-06,Denmark,DK,TESSy,0
2022-06-06,Estonia,EE,TESSy,0
2022-06-06,Finland,FI,TESSy,0
2022-06-06,France,FR,EI,1
2022-06-06,Germany,DE,EI,0
2022-06-06,Greece,EL,EI,0
2022-06-06,Hungary,HU,TESSy,0
2022-06-06,Iceland,IS,EI,0
2022-06-06,Ireland,IE,TESSy,0
2022-06-06,Italy,IT,TESSy,1
2022-06-06,Latvia,LV,TESSy,2
2022-06-06,Luxembourg,LU,EI,0
2022-06-06,Malta,MT,TESSy,0
2022-06-06,Netherlands,NL,EI,0
2022-06-06,Norway,NO,TESSy,0
2022-06-06,Poland,PL,TESSy,2
2022-06-06,Portugal,PT,EI,10
2022-06-06,Romania,RO,TESSy,0
2022-06-06,Slovenia,SI,EI,0
2022-06-06,Spain,ES,TESSy,47
2022-06-06,Sweden,SE,TESSy,1
2022-06-07,Austria,AT,EI,0
2022-06-07,Belgium,BE,TESSy,1
2022-06-07,Bulgaria,BG,TESSy,0
2022-06-07,Croatia,HR,TESSy,0
2022-06-07,Czechia,CZ,TESSy,0
2022-06-07,Denmark,DK,TESSy,0
2022-06-07,Estonia,EE,TESSy,0
2022-06-07,Finland,FI,TESSy,0
2022-06-07,France,FR,EI,14
2022-06-07,Germany,DE,EI,15
2022-06-07,Greece,EL,EI,0
2022-06-07,Hungary,HU,TESSy,2
2022-06-07,Iceland,IS,EI,0
2022-06-07,Ireland,IE,TESSy,1
2022-06-07,Italy,IT,TESSy,1
2022-06-07,Latvia,LV,TESSy,0
2022-06-07,Luxembourg,LU,EI,0
2022-06-07,Malta,MT,TESSy,0
2022-06-07,Netherlands,NL,EI,14
2022-06-07,Norway,NO,TESSy,0
2022-06-07,Poland,PL,TESSy,0
2022-06-07,Portugal,PT,EI,13
2022-06-07,Romania,RO,TESSy,0
2022-06-07,Slovenia,SI,EI,0
2022-06-07,Spain,ES,TESSy,38
2022-06-07,Sweden,SE,TESSy,0
2022-06-08,Austria,AT,EI,0
2022-06-08,Belgium,BE,TESSy,7
2022-06-08,Bulgaria,BG,TESSy,0
2022-06-08,Croatia,HR,TESSy,0
2022-06-08,Czechia,CZ,TESSy,0
2022-06-08,Denmark,DK,TESSy,0
2022-06-08,Estonia,EE,TESSy,0
2022-06-08,Finland,FI,TESSy,0
2022-06-08,France,FR,EI,0
2022-06-08,Germany,DE,EI,33
2022-06-08,Greece,EL,EI,1
2022-06-08,Hungary,HU,TESSy,1
2022-06-08,Iceland,IS,EI,0
2022-06-08,Ireland,IE,TESSy,2
2022-06-08,Italy,IT,TESSy,4
2022-06-08,Latvia,LV,TESSy,0
2022-06-08,Luxembourg,LU,EI,0
2022-06-08,Malta,MT,TESSy,0
2022-06-08,Netherlands,NL,EI,0
2022-06-08,Norway,NO,TESSy,0
2022-06-08,Poland,PL,TESSy,0
2022-06-08,Portugal,PT,EI,25
2022-06-08,Romania,RO,TESSy,0
2022-06-08,Slovenia,SI,EI,0
2022-06-08,Spain,ES,TESSy,48
2022-06-08,Sweden,SE,TESSy,1
2022-06-09,Austria,AT,EI,0
2022-06-09,Belgium,BE,TESSy,3
2022-06-09,Bulgaria,BG,TESSy,0
2022-06-09,Croatia,HR,TESSy,0
2022-06-09,Czechia,CZ,TESSy,0
2022-06-09,Denmark,DK,TESSy,0
2022-06-09,Estonia,EE,TESSy,0
2022-06-09,Finland,FI,TESSy,0
2022-06-09,France,FR,EI,25
2022-06-09,Germany,DE,EI,18
2022-06-09,Greece,EL,EI,0
2022-06-09,Hungary,HU,TESSy,0
2022-06-09,Iceland,IS,EI,2
2022-06-09,Ireland,IE,TESSy,0
2022-06-09,Italy,IT,TESSy,0
2022-06-09,Latvia,LV,TESSy,0
2022-06-09,Luxembourg,LU,EI,0
2022-06-09,Malta,MT,TESSy,0
2022-06-09,Netherlands,NL,EI,6
2022-06-09,Norway,NO,TESSy,0
2022-06-09,Poland,PL,TESSy,1
2022-06-09,Portugal,PT,EI,18
2022-06-09,Romania,RO,TESSy,0
2022-06-09,Slovenia,SI,EI,0
2022-06-09,Spain,ES,TESSy,48
2022-06-09,Sweden,SE,TESSy,0
2022-06-10,Austria,AT,EI,0
2022-06-10,Belgium,BE,TESSy,9
2022-06-10,Bulgaria,BG,TESSy,0
2022-06-10,Croatia,HR,TESSy,0
2022-06-10,Czechia,CZ,TESSy,0
2022-06-10,Denmark,DK,TESSy,1
2022-06-10,Estonia,EE,TESSy,0
2022-06-10,Finland,FI,TESSy,0
2022-06-10,France,FR,EI,0
2022-06-10,Germany,DE,EI,34
2022-06-10,Greece,EL,EI,0
2022-06-10,Hungary,HU,TESSy,0
2022-06-10,Iceland,IS,EI,0
2022-06-10,Ireland,IE,TESSy,1
2022-06-10,Italy,IT,TESSy,8
2022-06-10,Latvia,LV,TESSy,0
2022-06-10,Luxembourg,LU,EI,0
2022-06-10,Malta,MT,TESSy,0
2022-06-10,Netherlands,NL,EI,0
2022-06-10,Norway,NO,TESSy,0
2022-06-10,Poland,PL,TESSy,1
2022-06-10,Portugal,PT,EI,0
2022-06-10,Romania,RO,TESSy,0
2022-06-10,Slovenia,SI,EI,0
2022-06-10,Spain,ES,TESSy,59
2022-06-10,Sweden,SE,TESSy,2
2022-06-11,Austria,AT,EI,0
2022-06-11,Belgium,BE,TESSy,1
2022-06-11,Bulgaria,BG,TESSy,0
2022-06-11,Croatia,HR,TESSy,0
2022-06-11,Czechia,CZ,TESSy,0
2022-06-11,Denmark,DK,TESSy,0
2022-06-11,Estonia,EE,TESSy,0
2022-06-11,Finland,FI,TESSy,0
2022-06-11,France,FR,EI,0
2022-06-11,Germany,DE,EI,0
2022-06-11,Greece,EL,EI,1
2022-06-11,Hungary,HU,TESSy,0
2022-06-11,Iceland,IS,EI,0
2022-06-11,Ireland,IE,TESSy,0
2022-06-11,Italy,IT,TESSy,3
2022-06-11,Latvia,LV,TESSy,0
2022-06-11,Luxembourg,LU,EI,0
2022-06-11,Malta,MT,TESSy,0
2022-06-11,Netherlands,NL,EI,0
2022-06-11,Norway,NO,TESSy,0
2022-06-11,Poland,PL,TESSy,1
2022-06-11,Portugal,PT,EI,0
2022-06-11,Romania,RO,TESSy,0
2022-06-11,Slovenia,SI,EI,0
2022-06-11,Spain,ES,TESSy,60
2022-06-11,Sweden,SE,TESSy,1
2022-06-12,Austria,AT,EI,1
2022-06-12,Belgium,BE,TESSy,0
2022-06-12,Bulgaria,BG,TESSy,0
2022-06-12,Croatia,HR,TESSy,0
2022-06-12,Czechia,CZ,TESSy,0
2022-06-12,Denmark,DK,TESSy,3
2022-06-12,Estonia,EE,TESSy,0
2022-06-12,Finland,FI,TESSy,0
2022-06-12,France,FR,EI,0
2022-06-12,Germany,DE,EI,0
2022-06-12,Greece,EL,EI,0
2022-06-12,Hungary,HU,TESSy,0
2022-06-12,Iceland,IS,EI,0
2022-06-12,Ireland,IE,TESSy,0
2022-06-12,Italy,IT,TESSy,5
2022-06-12,Latvia,LV,TESSy,0
2022-06-12,Luxembourg,LU,EI,0
2022-06-12,Malta,MT,TESSy,0
2022-06-12,Netherlands,NL,EI,0
2022-06-12,Norway,NO,TESSy,0
2022-06-12,Poland,PL,TESSy,0
2022-06-12,Portugal,PT,EI,0
2022-06-12,Romania,RO,TESSy,0
2022-06-12,Slovenia,SI,EI,0
2022-06-12,Spain,ES,TESSy,63
2022-06-12,Sweden,SE,TESSy,0
2022-06-13,Austria,AT,EI,2
2022-06-13,Belgium,BE,TESSy,5
2022-06-13,Bulgaria,BG,TESSy,0
2022-06-13,Croatia,HR,TESSy,0
2022-06-13,Czechia,CZ,TESSy,0
2022-06-13,Denmark,DK,TESSy,0
2022-06-13,Estonia,EE,TESSy,0
2022-06-13,Finland,FI,TESSy,0
2022-06-13,France,FR,EI,0
2022-06-13,Germany,DE,EI,24
2022-06-13,Greece,EL,EI,0
2022-06-13,Hungary,HU,TESSy,1
2022-06-13,Iceland,IS,EI,1
2022-06-13,Ireland,IE,TESSy,3
2022-06-13,Italy,IT,TESSy,7
2022-06-13,Latvia,LV,TESSy,0
2022-06-13,Luxembourg,LU,EI,0
2022-06-13,Malta,MT,TESSy,0
2022-06-13,Netherlands,NL,EI,0
2022-06-13,Norway,NO,TESSy,0
2022-06-13,Poland,PL,TESSy,0
2022-06-13,Portugal,PT,EI,0
2022-06-13,Romania,RO,TESSy,1
2022-06-13,Slovenia,SI,EI,1
2022-06-13,Spain,ES,TESSy,76
2022-06-13,Sweden,SE,TESSy,0
2022-06-14,Austria,AT,EI,0
2022-06-14,Belgium,BE,TESSy,1
2022-06-14,Bulgaria,BG,TESSy,0
2022-06-14,Croatia,HR,TESSy,0
2022-06-14,Czechia,CZ,TESSy,0
2022-06-14,Denmark,DK,TESSy,0
2022-06-14,Estonia,EE,TESSy,0
2022-06-14,Finland,FI,TESSy,0
2022-06-14,France,FR,EI,34
2022-06-14,Germany,DE,EI,40
2022-06-14,Greece,EL,EI,0
2022-06-14,Hungary,HU,TESSy,2
2022-06-14,Iceland,IS,EI,0
2022-06-14,Ireland,IE,TESSy,2
2022-06-14,Italy,IT,TESSy,2
2022-06-14,Latvia,LV,TESSy,0
2022-06-14,Luxembourg,LU,EI,0
2022-06-14,Malta,MT,TESSy,0
2022-06-14,Netherlands,NL,EI,20
2022-06-14,Norway,NO,TESSy,1
2022-06-14,Poland,PL,TESSy,0
2022-06-14,Portugal,PT,EI,22
2022-06-14,Romania,RO,TESSy,2
2022-06-14,Slovenia,SI,EI,0
2022-06-14,Spain,ES,TESSy,42
2022-06-14,Sweden,SE,TESSy,1
2022-06-15,Austria,AT,EI,0
2022-06-15,Belgium,BE,TESSy,2
2022-06-15,Bulgaria,BG,TESSy,0
2022-06-15,Croatia,HR,TESSy,0
2022-06-15,Czechia,CZ,TESSy,0
2022-06-15,Denmark,DK,TESSy,1
2022-06-15,Estonia,EE,TESSy,0
2022-06-15,Finland,FI,TESSy,0
2022-06-15,France,FR,EI,0
2022-06-15,Germany,DE,EI,34
2022-06-15,Greece,EL,EI,0
2022-06-15,Hungary,HU,TESSy,0
2022-06-15,Iceland,IS,EI,0
2022-06-15,Ireland,IE,TESSy,4
2022-06-15,Italy,IT,TESSy,10
2022-06-15,Latvia,LV,TESSy,0
2022-06-15,Luxembourg,LU,EI,1
2022-06-15,Malta,MT,TESSy,1
2022-06-15,Netherlands,NL,EI,0
2022-06-15,Norway,NO,TESSy,1
2022-06-15,Poland,PL,TESSy,1
2022-06-15,Portugal,PT,EI,10
2022-06-15,Romania,RO,TESSy,0
2022-06-15,Slovenia,SI,EI,0
2022-06-15,Spain,ES,TESSy,35
2022-06-15,Sweden,SE,TESSy,1
2022-06-16,Austria,AT,EI,0
2022-06-16,Belgium,BE,TESSy,12
2022-06-16,Bulgaria,BG,TESSy,0
2022-06-16,Croatia,HR,TESSy,0
2022-06-16,Czechia,CZ,TESSy,0
2022-06-16,Denmark,DK,TESSy,0
2022-06-16,Estonia,EE,TESSy,0
2022-06-16,Finland,FI,TESSy,1
2022-06-16,France,FR,EI,0
2022-06-16,Germany,DE,EI,0
2022-06-16,Greece,EL,EI,0
2022-06-16,Hungary,HU,TESSy,0
2022-06-16,Iceland,IS,EI,0
2022-06-16,Ireland,IE,TESSy,1
2022-06-16,Italy,IT,TESSy,11
2022-06-16,Latvia,LV,TESSy,0
2022-06-16,Luxembourg,LU,EI,0
2022-06-16,Malta,MT,TESSy,1
2022-06-16,Netherlands,NL,EI,15
2022-06-16,Norway,NO,TESSy,0
2022-06-16,Poland,PL,TESSy,0
2022-06-16,Portugal,PT,EI,0
2022-06-16,Romania,RO,TESSy,1
2022-06-16,Slovenia,SI,EI,0
2022-06-16,Spain,ES,TESSy,50
2022-06-16,Sweden,SE,TESSy,0
2022-06-17,Austria,AT,EI,0
2022-06-17,Belgium,BE,TESSy,4
2022-06-17,Bulgaria,BG,TESSy,0
2022-06-17,Croatia,HR,TESSy,0
2022-06-17,Czechia,CZ,TESSy,0
2022-06-17,Denmark,DK,TESSy,0
2022-06-17,Estonia,EE,TESSy,0
2022-06-17,Finland,FI,TESSy,0
2022-06-17,France,FR,EI,0
2022-06-17,Germany,DE,EI,0
2022-06-17,Greece,EL,EI,0
2022-06-17,Hungary,HU,TESSy,0
2022-06-17,Iceland,IS,EI,0
2022-06-17,Ireland,IE,TESSy,1
2022-06-17,Italy,IT,TESSy,9
2022-06-17,Latvia,LV,TESSy,0
2022-06-17,Luxembourg,LU,EI,0
2022-06-17,Malta,MT,TESSy,0
2022-06-17,Netherlands,NL,EI,0
2022-06-17,Norway,NO,TESSy,0
2022-06-17,Poland,PL,TESSy,1
2022-06-17,Portugal,PT,EI,0
2022-06-17,Romania,RO,TESSy,0
2022-06-17,Slovenia,SI,EI,0
2022-06-17,Spain,ES,TESSy,42
2022-06-17,Sweden,SE,TESSy,2
2022-06-18,Austria,AT,EI,0
2022-06-18,Belgium,BE,TESSy,1
2022-06-18,Bulgaria,BG,TESSy,0
2022-06-18,Croatia,HR,TESSy,0
2022-06-18,Czechia,CZ,TESSy,0
2022-06-18,Denmark,DK,TESSy,1
2022-06-18,Estonia,EE,TESSy,0
2022-06-18,Finland,FI,TESSy,0
2022-06-18,France,FR,EI,0
2022-06-18,Germany,DE,EI,0
2022-06-18,Greece,EL,EI,0
2022-06-18,Hungary,HU,TESSy,1
2022-06-18,Iceland,IS,EI,0
2022-06-18,Ireland,IE,TESSy,0
2022-06-18,Italy,IT,TESSy,1
2022-06-18,Latvia,LV,TESSy,0
2022-06-18,Luxembourg,LU,EI,0
2022-06-18,Malta,MT,TESSy,0
2022-06-18,Netherlands,NL,EI,0
2022-06-18,Norway,NO,TESSy,0
2022-06-18,Poland,PL,TESSy,0
2022-06-18,Portugal,PT,EI,0
2022-06-18,Romania,RO,TESSy,0
2022-06-18,Slovenia,SI,EI,0
2022-06-18,Spain,ES,TESSy,28
2022-06-18,Sweden,SE,TESSy,0
2022-06-19,Austria,AT,EI,0
2022-06-19,Belgium,BE,TESSy,0
2022-06-19,Bulgaria,BG,TESSy,0
2022-06-19,Croatia,HR,TESSy,0
2022-06-19,Czechia,CZ,TESSy,0
2022-06-19,Denmark,DK,TESSy,1
2022-06-19,Estonia,EE,TESSy,0
2022-06-19,Finland,FI,TESSy,0
2022-06-19,France,FR,EI,0
2022-06-19,Germany,DE,EI,0
2022-06-19,Greece,EL,EI,0
2022-06-19,Hungary,HU,TESSy,1
2022-06-19,Iceland,IS,EI,0
2022-06-19,Ireland,IE,TESSy,0
2022-06-19,Italy,IT,TESSy,0
2022-06-19,Latvia,LV,TESSy,0
2022-06-19,Luxembourg,LU,EI,0
2022-06-19,Malta,MT,TESSy,0
2022-06-19,Netherlands,NL,EI,0
2022-06-19,Norway,NO,TESSy,0
2022-06-19,Poland,PL,TESSy,0
2022-06-19,Portugal,PT,EI,0
2022-06-19,Romania,RO,TESSy,0
2022-06-19,Slovenia,SI,EI,0
2022-06-19,Spain,ES,TESSy,40
2022-06-19,Sweden,SE,TESSy,0
2022-06-20,Austria,AT,EI,0
2022-06-20,Belgium,BE,TESSy,9
2022-06-20,Bulgaria,BG,TESSy,0
2022-06-20,Croatia,HR,TESSy,0
2022-06-20,Czechia,CZ,TESSy,0
2022-06-20,Denmark,DK,TESSy,2
2022-06-20,Estonia,EE,TESSy,0
2022-06-20,Finland,FI,TESSy,0
2022-06-20,France,FR,EI,55
2022-06-20,Germany,DE,EI,149
2022-06-20,Greece,EL,EI,0
2022-06-20,Hungary,HU,TESSy,3
2022-06-20,Iceland,IS,EI,0
2022-06-20,Ireland,IE,TESSy,2
2022-06-20,Italy,IT,TESSy,11
2022-06-20,Latvia,LV,TESSy,0
2022-06-20,Luxembourg,LU,EI,0
2022-06-20,Malta,MT,TESSy,0
2022-06-20,Netherlands,NL,EI,0
2022-06-20,Norway,NO,TESSy,2
2022-06-20,Poland,PL,TESSy,0
2022-06-20,Portugal,PT,EI,56
2022-06-20,Romania,RO,TESSy,0
2022-06-20,Slovenia,SI,EI,0
2022-06-20,Spain,ES,TESSy,40
2022-06-20,Sweden,SE,TESSy,0
2022-06-21,Austria,AT,EI,0
2022-06-21,Belgium,BE,TESSy,3
2022-06-21,Bulgaria,BG,TESSy,0
2022-06-21,Croatia,HR,TESSy,0
2022-06-21,Czechia,CZ,TESSy,0
2022-06-21,Denmark,DK,TESSy,1
2022-06-21,Estonia,EE,TESSy,0
2022-06-21,Finland,FI,TESSy,1
2022-06-21,France,FR,EI,97
2022-06-21,Germany,DE,EI,57
2022-06-21,Greece,EL,EI,0
2022-06-21,Hungary,HU,TESSy,1
2022-06-21,Iceland,IS,EI,0
2022-06-21,Ireland,IE,TESSy,4
2022-06-21,Italy,IT,TESSy,23
2022-06-21,Latvia,LV,TESSy,0
2022-06-21,Luxembourg,LU,EI,0
2022-06-21,Malta,MT,TESSy,1
2022-06-21,Netherlands,NL,EI,0
2022-06-21,Norway,NO,TESSy,2
2022-06-21,Poland,PL,TESSy,2
2022-06-21,Portugal,PT,EI,7
2022-06-21,Romania,RO,TESSy,1
2022-06-21,Slovenia,SI,EI,1
2022-06-21,Spain,ES,TESSy,36
2022-06-21,Sweden,SE,TESSy,0
2022-06-22,Austria,AT,EI,8
2022-06-22,Belgium,BE,TESSy,6
2022-06-22,Bulgaria,BG,TESSy,0
2022-06-22,Croatia,HR,TESSy,0
2022-06-22,Czechia,CZ,TESSy,0
2022-06-22,Denmark,DK,TESSy,0
2022-06-22,Estonia,EE,TESSy,0
2022-06-22,Finland,FI,TESSy,0
2022-06-22,France,FR,EI,0
2022-06-22,Germany,DE,EI,52
2022-06-22,Greece,EL,EI,1
2022-06-22,Hungary,HU,TESSy,1
2022-06-22,Iceland,IS,EI,0
2022-06-22,Ireland,IE,TESSy,3
2022-06-22,Italy,IT,TESSy,17
2022-06-22,Latvia,LV,TESSy,0
2022-06-22,Luxembourg,LU,EI,0
2022-06-22,Malta,MT,TESSy,1
2022-06-22,Netherlands,NL,EI,72
2022-06-22,Norway,NO,TESSy,1
2022-06-22,Poland,PL,TESSy,0
2022-06-22,Portugal,PT,EI,13
2022-06-22,Romania,RO,TESSy,0
2022-06-22,Slovenia,SI,EI,0
2022-06-22,Spain,ES,TESSy,41
2022-06-22,Sweden,SE,TESSy,3
2022-06-23,Austria,AT,EI,0
2022-06-23,Belgium,BE,TESSy,13
2022-06-23,Bulgaria,BG,TESSy,1
2022-06-23,Croatia,HR,TESSy,1
2022-06-23,Czechia,CZ,TESSy,1
2022-06-23,Denmark,DK,TESSy,1
2022-06-23,Estonia,EE,TESSy,0
2022-06-23,Finland,FI,TESSy,0
2022-06-23,France,FR,EI,53
2022-06-23,Germany,DE,EI,0
2022-06-23,Greece,EL,EI,0
2022-06-23,Hungary,HU,TESSy,1
2022-06-23,Iceland,IS,EI,0
2022-06-23,Ireland,IE,TESSy,3
2022-06-23,Italy,IT,TESSy,7
2022-06-23,Latvia,LV,TESSy,0
2022-06-23,Luxembourg,LU,EI,0
2022-06-23,Malta,MT,TESSy,0
2022-06-23,Netherlands,NL,EI,44
2022-06-23,Norway,NO,TESSy,3
2022-06-23,Poland,PL,TESSy,0
2022-06-23,Portugal,PT,EI,0
2022-06-23,Romania,RO,TESSy,1
2022-06-23,Slovenia,SI,EI,1
2022-06-23,Spain,ES,TESSy,15
2022-06-23,Sweden,SE,TESSy,2
2022-06-24,Austria,AT,EI,7
2022-06-24,Belgium,BE,TESSy,3
2022-06-24,Bulgaria,BG,TESSy,1
2022-06-24,Croatia,HR,TESSy,0
2022-06-24,Czechia,CZ,TESSy,0
2022-06-24,Denmark,DK,TESSy,2
2022-06-24,Estonia,EE,TESSy,0
2022-06-24,Finland,FI,TESSy,0
2022-06-24,France,FR,EI,0
2022-06-24,Germany,DE,EI,155
2022-06-24,Greece,EL,EI,0
2022-06-24,Hungary,HU,TESSy,1
2022-06-24,Iceland,IS,EI,0
2022-06-24,Ireland,IE,TESSy,3
2022-06-24,Italy,IT,TESSy,24
2022-06-24,Latvia,LV,TESSy,0
2022-06-24,Luxembourg,LU,EI,0
2022-06-24,Malta,MT,TESSy,0
2022-06-24,Netherlands,NL,EI,0
2022-06-24,Norway,NO,TESSy,3
2022-06-24,Poland,PL,TESSy,0
2022-06-24,Portugal,PT,EI,31
2022-06-24,Romania,RO,TESSy,0
2022-06-24,Slovenia,SI,EI,0
2022-06-24,Spain,ES,TESSy,28
2022-06-24,Sweden,SE,TESSy,1
2022-06-25,Austria,AT,EI,0
2022-06-25,Belgium,BE,TESSy,0
2022-06-25,Bulgaria,BG,TESSy,0
2022-06-25,Croatia,HR,TESSy,0
2022-06-25,Czechia,CZ,TESSy,0
2022-06-25,Denmark,DK,TESSy,0
2022-06-25,Estonia,EE,TESSy,0
2022-06-25,Finland,FI,TESSy,0
2022-06-25,France,FR,EI,0
2022-06-25,Germany,DE,EI,0
2022-06-25,Greece,EL,EI,0
2022-06-25,Hungary,HU,TESSy,0
2022-06-25,Iceland,IS,EI,0
2022-06-25,Ireland,IE,TESSy,0
2022-06-25,Italy,IT,TESSy,4
2022-06-25,Latvia,LV,TESSy,0
2022-06-25,Luxembourg,LU,EI,2
2022-06-25,Malta,MT,TESSy,0
2022-06-25,Netherlands,NL,EI,0
2022-06-25,Norway,NO,TESSy,0
2022-06-25,Poland,PL,TESSy,0
2022-06-25,Portugal,PT,EI,0
2022-06-25,Romania,RO,TESSy,1
2022-06-25,Slovenia,SI,EI,0
2022-06-25,Spain,ES,TESSy,10
2022-06-25,Sweden,SE,TESSy,0
2022-06-26,Austria,AT,EI,0
2022-06-26,Belgium,BE,TESSy,0
2022-06-26,Bulgaria,BG,TESSy,0
2022-06-26,Croatia,HR,TESSy,0
2022-06-26,Czechia,CZ,TESSy,0
2022-06-26,Denmark,DK,TESSy,0
2022-06-26,Estonia,EE,TESSy,0
2022-06-26,Finland,FI,TESSy,0
2022-06-26,France,FR,EI,0
2022-06-26,Germany,DE,EI,0
2022-06-26,Greece,EL,EI,0
2022-06-26,Hungary,HU,TESSy,1
2022-06-26,Iceland,IS,EI,0
2022-06-26,Ireland,IE,TESSy,0
2022-06-26,Italy,IT,TESSy,1
2022-06-26,Latvia,LV,TESSy,0
2022-06-26,Luxembourg,LU,EI,0
2022-06-26,Malta,MT,TESSy,0
2022-06-26,Netherlands,NL,EI,0
2022-06-26,Norway,NO,TESSy,0
2022-06-26,Poland,PL,TESSy,0
2022-06-26,Portugal,PT,EI,0
2022-06-26,Romania,RO,TESSy,0
2022-06-26,Slovenia,SI,EI,0
2022-06-26,Spain,ES,TESSy,7
2022-06-26,Sweden,SE,TESSy,0
2022-06-27,Austria,AT,EI,0
2022-06-27,Belgium,BE,TESSy,20
2022-06-27,Bulgaria,BG,TESSy,1
2022-06-27,Croatia,HR,TESSy,0
2022-06-27,Czechia,CZ,TESSy,1
2022-06-27,Denmark,DK,TESSy,0
2022-06-27,Estonia,EE,TESSy,0
2022-06-27,Finland,FI,TESSy,0
2022-06-27,France,FR,EI,0
2022-06-27,Germany,DE,EI,89
2022-06-27,Greece,EL,EI,0
2022-06-27,Hungary,HU,TESSy,1
2022-06-27,Iceland,IS,EI,0
2022-06-27,Ireland,IE,TESSy,1
2022-06-27,Italy,IT,TESSy,13
2022-06-27,Latvia,LV,TESSy,0
2022-06-27,Luxembourg,LU,EI,0
2022-06-27,Malta,MT,TESSy,1
2022-06-27,Netherlands,NL,EI,46
2022-06-27,Norway,NO,TESSy,0
2022-06-27,Poland,PL,TESSy,1
2022-06-27,Portugal,PT,EI,17
2022-06-27,Romania,RO,TESSy,1
2022-06-27,Slovenia,SI,EI,0
2022-06-27,Spain,ES,TESSy,13
2022-06-27,Sweden,SE,TESSy,1
2022-06-28,Austria,AT,EI,0
2022-06-28,Belgium,BE,TESSy,7
2022-06-28,Bulgaria,BG,TESSy,0
2022-06-28,Croatia,HR,TESSy,0
2022-06-28,Czechia,CZ,TESSy,0
2022-06-28,Denmark,DK,TESSy,2
2022-06-28,Estonia,EE,TESSy,1
2022-06-28,Finland,FI,TESSy,3
2022-06-28,France,FR,EI,110
2022-06-28,Germany,DE,EI,0
2022-06-28,Greece,EL,EI,0
2022-06-28,Hungary,HU,TESSy,0
2022-06-28,Iceland,IS,EI,0
2022-06-28,Ireland,IE,TESSy,1
2022-06-28,Italy,IT,TESSy,9
2022-06-28,Latvia,LV,TESSy,0
2022-06-28,Luxembourg,LU,EI,0
2022-06-28,Malta,MT,TESSy,0
2022-06-28,Netherlands,NL,EI,0
2022-06-28,Norway,NO,TESSy,2
2022-06-28,Poland,PL,TESSy,0
2022-06-28,Portugal,PT,EI,0
2022-06-28,Romania,RO,TESSy,2
2022-06-28,Slovenia,SI,EI,0
2022-06-28,Spain,ES,TESSy,11
2022-06-28,Sweden,SE,TESSy,2
2022-06-29,Austria,AT,EI,0
2022-06-29,Belgium,BE,TESSy,6
2022-06-29,Bulgaria,BG,TESSy,0
2022-06-29,Croatia,HR,TESSy,0
2022-06-29,Czechia,CZ,TESSy,0
2022-06-29,Denmark,DK,TESSy,2
2022-06-29,Estonia,EE,TESSy,1
2022-06-29,Finland,FI,TESSy,0
2022-06-29,France,FR,EI,0
2022-06-29,Germany,DE,EI,109
2022-06-29,Greece,EL,EI,0
2022-06-29,Hungary,HU,TESSy,0
2022-06-29,Iceland,IS,EI,1
2022-06-29,Ireland,IE,TESSy,0
2022-06-29,Italy,IT,TESSy,9
2022-06-29,Latvia,LV,TESSy,0
2022-06-29,Luxembourg,LU,EI,0
2022-06-29,Malta,MT,TESSy,0
2022-06-29,Netherlands,NL,EI,0
2022-06-29,Norway,NO,TESSy,0
2022-06-29,Poland,PL,TESSy,1
2022-06-29,Portugal,PT,EI,0
2022-06-29,Romania,RO,TESSy,1
2022-06-29,Slovenia,SI,EI,0
2022-06-29,Spain,ES,TESSy,1
2022-06-29,Sweden,SE,TESSy,5
2022-06-30,Austria,AT,EI,0
2022-06-30,Belgium,BE,TESSy,3
2022-06-30,Bulgaria,BG,TESSy,0
2022-06-30,Croatia,HR,TESSy,0
2022-06-30,Czechia,CZ,TESSy,0
2022-06-30,Denmark,DK,TESSy,0
2022-06-30,Estonia,EE,TESSy,0
2022-06-30,Finland,FI,TESSy,2
2022-06-30,France,FR,EI,58
2022-06-30,Germany,DE,EI,95
2022-06-30,Greece,EL,EI,0
2022-06-30,Hungary,HU,TESSy,0
2022-06-30,Iceland,IS,EI,0
2022-06-30,Ireland,IE,TESSy,4
2022-06-30,Italy,IT,TESSy,7
2022-06-30,Latvia,LV,TESSy,0
2022-06-30,Luxembourg,LU,EI,3
2022-06-30,Malta,MT,TESSy,2
2022-06-30,Netherlands,NL,EI,31
2022-06-30,Norway,NO,TESSy,0
2022-06-30,Poland,PL,TESSy,0
2022-06-30,Portugal,PT,EI,11
2022-06-30,Romania,RO,TESSy,0
2022-06-30,Slovenia,SI,EI,0
2022-06-30,Spain,ES,TESSy,3
2022-06-30,Sweden,SE,TESSy,1
2022-07-01,Austria,AT,EI,17
2022-07-01,Belgium,BE,TESSy,23
2022-07-01,Bulgaria,BG,TESSy,0
2022-07-01,Croatia,HR,TESSy,0
2022-07-01,Czechia,CZ,TESSy,0
2022-07-01,Denmark,DK,TESSy,3
2022-07-01,Estonia,EE,TESSy,0
2022-07-01,Finland,FI,TESSy,0
2022-07-01,France,FR,EI,0
2022-07-01,Germany,DE,EI,85
2022-07-01,Greece,EL,EI,0
2022-07-01,Hungary,HU,TESSy,0
2022-07-01,Iceland,IS,EI,0
2022-07-01,Ireland,IE,TESSy,1
2022-07-01,Italy,IT,TESSy,5
2022-07-01,Latvia,LV,TESSy,0
2022-07-01,Luxembourg,LU,EI,0
2022-07-01,Malta,MT,TESSy,1
2022-07-01,Netherlands,NL,EI,0
2022-07-01,Norway,NO,TESSy,2
2022-07-01,Poland,PL,TESSy,1
2022-07-01,Portugal,PT,EI,13
2022-07-01,Romania,RO,TESSy,0
2022-07-01,Slovenia,SI,EI,0
2022-07-01,Spain,ES,TESSy,1
2022-07-01,Sweden,SE,TESSy,3
2022-07-02,Austria,AT,EI,0
2022-07-02,Belgium,BE,TESSy,1
2022-07-02,Bulgaria,BG,TESSy,0
2022-07-02,Croatia,HR,TESSy,0
2022-07-02,Czechia,CZ,TESSy,0
2022-07-02,Denmark,DK,TESSy,0
2022-07-02,Estonia,EE,TESSy,0
2022-07-02,Finland,FI,TESSy,1
2022-07-02,France,FR,EI,0
2022-07-02,Germany,DE,EI,0
2022-07-02,Greece,EL,EI,0
2022-07-02,Hungary,HU,TESSy,0
2022-07-02,Iceland,IS,EI,0
2022-07-02,Ireland,IE,TESSy,0
2022-07-02,Italy,IT,TESSy,2
2022-07-02,Latvia,LV,TESSy,0
2022-07-02,Luxembourg,LU,EI,0
2022-07-02,Malta,MT,TESSy,0
2022-07-02,Netherlands,NL,EI,0
2022-07-02,Norway,NO,TESSy,0
2022-07-02,Poland,PL,TESSy,0
2022-07-02,Portugal,PT,EI,0
2022-07-02,Romania,RO,TESSy,0
2022-07-02,Slovenia,SI,EI,0
2022-07-02,Spain,ES,TESSy,0
2022-07-02,Sweden,SE,TESSy,0
2022-07-03,Austria,AT,EI,0
2022-07-03,Belgium,BE,TESSy,0
2022-07-03,Bulgaria,BG,TESSy,0
2022-07-03,Croatia,HR,TESSy,0
2022-07-03,Czechia,CZ,TESSy,0
2022-07-03,Denmark,DK,TESSy,0
2022-07-03,Estonia,EE,TESSy,0
2022-07-03,Finland,FI,TESSy,0
2022-07-03,France,FR,EI,0
2022-07-03,Germany,DE,EI,0
2022-07-03,Greece,EL,EI,0
2022-07-03,Hungary,HU,TESSy,0
2022-07-03,Iceland,IS,EI,0
2022-07-03,Ireland,IE,TESSy,0
2022-07-03,Italy,IT,TESSy,1
2022-07-03,Latvia,LV,TESSy,0
2022-07-03,Luxembourg,LU,EI,0
2022-07-03,Malta,MT,TESSy,0
2022-07-03,Netherlands,NL,EI,0
2022-07-03,Norway,NO,TESSy,0
2022-07-03,Poland,PL,TESSy,0
2022-07-03,Portugal,PT,EI,0
2022-07-03,Romania,RO,TESSy,0
2022-07-03,Slovenia,SI,EI,0
2022-07-03,Spain,ES,TESSy,0
2022-07-03,Sweden,SE,TESSy,0
2022-07-04,Austria,AT,EI,0
2022-07-04,Belgium,BE,TESSy,3
2022-07-04,Bulgaria,BG,TESSy,0
2022-07-04,Croatia,HR,TESSy,0
2022-07-04,Czechia,CZ,TESSy,0
2022-07-04,Denmark,DK,TESSy,1
2022-07-04,Estonia,EE,TESSy,0
2022-07-04,Finland,FI,TESSy,1
2022-07-04,France,FR,EI,0
2022-07-04,Germany,DE,EI,87
2022-07-04,Greece,EL,EI,0
2022-07-04,Hungary,HU,TESSy,0
2022-07-04,Iceland,IS,EI,0
2022-07-04,Ireland,IE,TESSy,0
2022-07-04,Italy,IT,TESSy,8
2022-07-04,Latvia,LV,TESSy,0
2022-07-04,Luxembourg,LU,EI,0
2022-07-04,Malta,MT,TESSy,0
2022-07-04,Netherlands,NL,EI,0
2022-07-04,Norway,NO,TESSy,0
2022-07-04,Poland,PL,TESSy,0
2022-07-04,Portugal,PT,EI,0
2022-07-04,Romania,RO,TESSy,1
2022-07-04,Slovenia,SI,EI,3
2022-07-04,Spain,ES,TESSy,0
2022-07-04,Sweden,SE,TESSy,3
2022-07-05,Austria,AT,EI,0
2022-07-05,Belgium,BE,TESSy,0
2022-07-05,Bulgaria,BG,TESSy,0
2022-07-05,Croatia,HR,TESSy,0
2022-07-05,Czechia,CZ,TESSy,0
2022-07-05,Denmark,DK,TESSy,0
2022-07-05,Estonia,EE,TESSy,0
2022-07-05,Finland,FI,TESSy,1
2022-07-05,France,FR,EI,79
2022-07-05,Germany,DE,EI,101
2022-07-05,Greece,EL,EI,0
2022-07-05,Hungary,HU,TESSy,0
2022-07-05,Iceland,IS,EI,0
2022-07-05,Ireland,IE,TESSy,0
2022-07-05,Italy,IT,TESSy,0
2022-07-05,Latvia,LV,TESSy,0
2022-07-05,Luxembourg,LU,EI,0
2022-07-05,Malta,MT,TESSy,0
2022-07-05,Netherlands,NL,EI,64
2022-07-05,Norway,NO,TESSy,0
2022-07-05,Poland,PL,TESSy,0
2022-07-05,Portugal,PT,EI,0
2022-07-05,Romania,RO,TESSy,0
2022-07-05,Slovenia,SI,EI,0
2022-07-05,Spain,ES,TESSy,0
2022-07-05,Sweden,SE,TESSy,0
2022-07-06,Austria,AT,EI,0
2022-07-06,Belgium,BE,TESSy,0
2022-07-06,Bulgaria,BG,TESSy,0
2022-07-06,Croatia,HR,TESSy,0
2022-07-06,Czechia,CZ,TESSy,0
2022-07-06,Denmark,DK,TESSy,0
2022-07-06,Estonia,EE,TESSy,0
2022-07-06,Finland,FI,TESSy,0
2022-07-06,France,FR,EI,0
2022-07-06,Germany,DE,EI,62
2022-07-06,Greece,EL,EI,0
2022-07-06,Hungary,HU,TESSy,0
2022-07-06,Iceland,IS,EI,0
2022-07-06,Ireland,IE,TESSy,0
2022-07-06,Italy,IT,TESSy,0
2022-07-06,Latvia,LV,TESSy,0
2022-07-06,Luxembourg,LU,EI,0
2022-07-06,Malta,MT,TESSy,0
2022-07-06,Netherlands,NL,EI,0
2022-07-06,Norway,NO,TESSy,0
2022-07-06,Poland,PL,TESSy,0
2022-07-06,Portugal,PT,EI,0
2022-07-06,Romania,RO,TESSy,0
2022-07-06,Slovenia,SI,EI,0
2022-07-06,Spain,ES,TESSy,0
2022-07-06,Sweden,SE,TESSy,0
2022-07-07,Austria,AT,EI,0
2022-07-07,Belgium,BE,TESSy,0
2022-07-07,Bulgaria,BG,TESSy,0
2022-07-07,Croatia,HR,TESSy,0
2022-07-07,Czechia,CZ,TESSy,0
2022-07-07,Denmark,DK,TESSy,0
2022-07-07,Estonia,EE,TESSy,0
2022-07-07,Finland,FI,TESSy,0
2022-07-07,France,FR,EI,0
2022-07-07,Germany,DE,EI,81
2022-07-07,Greece,EL,EI,8
2022-07-07,Hungary,HU,TESSy,0
2022-07-07,Iceland,IS,EI,2
2022-07-07,Ireland,IE,TESSy,0
2022-07-07,Italy,IT,TESSy,0
2022-07-07,Latvia,LV,TESSy,0
2022-07-07,Luxembourg,LU,EI,0
2022-07-07,Malta,MT,TESSy,0
2022-07-07,Netherlands,NL,EI,20
2022-07-07,Norway,NO,TESSy,0
2022-07-07,Poland,PL,TESSy,0
2022-07-07,Portugal,PT,EI,0
2022-07-07,Romania,RO,TESSy,0
2022-07-07,Slovenia,SI,EI,2
2022-07-07,Spain,ES,TESSy,0
2022-07-07,Sweden,SE,TESSy,0
